0;26;
0.5;26;
1;26;
1.5;26;
2;26;
2.5;26;
3;27;
3.5;26;
4;26;
4.5;26;
5;26;
5.5;27;
6;26;
6.5;26;
7;26;
7.5;27;
8;27;
8.5;27;
9;27;
9.5;27;
10;27;
10.5;26;
11;27;
11.5;27;
12;27;
12.5;27;
13;27;
13.5;27;
14;27;
14.5;27;
15;27;
15.5;27;
16;27;
16.5;27;
17;27;
17.5;27;
18;27;
18.5;27;
19;27;
19.5;27;
20;27;
20.5;27;
21;27;
21.5;27;
22;27;
22.5;27;
23;27;
23.5;27;
24;27;
24.5;27;
25;27;0.04
25.5;27;0.04
26;27;0.04
26.5;27;0.04
27;27;0.04
27.5;28;0.08
28;27;0
28.5;27;0.04
29;27;0.04
29.5;27;0.04
30;27;0.04
30.5;27;0
31;28;0.08
31.5;28;0.08
32;28;0.08
32.5;28;0.04
33;28;0.04
33.5;28;0.04
34;28;0.04
34.5;28;0.04
35;28;0.04
35.5;28;0.08
36;28;0.04
36.5;28;0.04
37;28;0.04
37.5;28;0.04
38;28;0.04
38.5;28;0.04
39;28;0.04
39.5;28;0.04
40;28;0.04
40.5;28;0.04
41;28;0.04
41.5;28;0.04
42;28;0.04
42.5;28;0.04
43;28;0.04
43.5;29;0.08
44;28;0.04
44.5;28;0.04
45;28;0.04
45.5;29;0.08
46;29;0.08
46.5;29;0.08
47;29;0.08
47.5;29;0.08
48;29;0.08
48.5;29;0.08
49;29;0.08
49.5;29;0.08
50;29;0.08
50.5;29;0.08
51;29;0.08
51.5;29;0.08
52;29;0.08
52.5;29;0.04
53;29;0.08
53.5;29;0.08
54;29;0.08
54.5;30;0.12
55;30;0.12
55.5;30;0.12
56;30;0.08
56.5;30;0.08
57;30;0.08
57.5;30;0.08
58;30;0.08
58.5;30;0.08
59;30;0.08
59.5;30;0.08
60;30;0.08
60.5;30;0.08
61;30;0.08
61.5;30;0.08
62;30;0.08
62.5;30;0.08
63;30;0.08
63.5;31;0.12
64;31;0.12
64.5;31;0.12
65;31;0.12
65.5;31;0.12
66;31;0.12
66.5;31;0.12
67;31;0.12
67.5;31;0.12
68;31;0.12
68.5;31;0.08
69;31;0.12
69.5;31;0.12
70;31;0.12
70.5;31;0.08
71;31;0.08
71.5;31;0.08
72;31;0.08
72.5;32;0.12
73;32;0.12
73.5;32;0.12
74;32;0.12
74.5;32;0.12
75;32;0.12
75.5;32;0.12
76;32;0.12
76.5;32;0.12
77;32;0.12
77.5;32;0.12
78;33;0.16
78.5;33;0.16
79;33;0.16
79.5;33;0.12
80;33;0.12
80.5;33;0.12
81;33;0.12
81.5;33;0.12
82;33;0.12
82.5;33;0.12
83;33;0.12
83.5;33;0.12
84;33;0.12
84.5;33;0.12
85;34;0.16
85.5;34;0.16
86;34;0.16
86.5;34;0.16
87;34;0.16
87.5;34;0.16
88;34;0.16
88.5;34;0.12
89;34;0.12
89.5;34;0.12
90;34;0.12
90.5;35;0.16
91;35;0.16
91.5;35;0.16
92;35;0.16
92.5;35;0.16
93;35;0.16
93.5;35;0.16
94;35;0.16
94.5;35;0.16
95;36;0.2
95.5;36;0.2
96;36;0.2
96.5;36;0.2
97;36;0.2
97.5;36;0.16
98;36;0.16
98.5;36;0.16
99;36;0.16
99.5;36;0.16
100;37;0.2
100.5;37;0.2
101;37;0.2
101.5;37;0.2
102;37;0.2
102.5;37;0.2
103;37;0.16
103.5;37;0.16
104;37;0.16
104.5;37;0.16
105;38;0.2
105.5;38;0.2
106;38;0.2
106.5;38;0.2
107;38;0.2
107.5;38;0.2
108;38;0.2
108.5;38;0.2
109;38;0.2
109.5;39;0.24
110;39;0.2
110.5;39;0.2
111;39;0.2
111.5;39;0.2
112;39;0.2
112.5;39;0.2
113;39;0.2
113.5;39;0.2
114;40;0.24
114.5;40;0.24
115;40;0.24
115.5;40;0.2
116;40;0.2
116.5;40;0.2
117;40;0.2
117.5;40;0.2
118;40;0.2
118.5;40;0.2
119;41;0.24
119.5;41;0.24
120;41;0.2
120.5;41;0.2
121;41;0.2
121.5;41;0.2
122;41;0.2
122.5;41;0.2
123;41;0.2
123.5;42;0.24
124;42;0.24
124.5;42;0.24
125;42;0.2
125.5;42;0.2
126;42;0.2
126.5;42;0.2
127;43;0.24
127.5;43;0.24
128;43;0.24
128.5;43;0.24
129;43;0.24
129.5;43;0.24
130;43;0.2
130.5;44;0.24
131;44;0.24
131.5;44;0.24
132;44;0.24
132.5;44;0.24
133;44;0.24
133.5;45;0.28
134;45;0.28
134.5;45;0.24
135;45;0.24
135.5;45;0.24
136;45;0.24
136.5;45;0.24
137;45;0.24
137.5;45;0.24
138;46;0.28
138.5;46;0.28
139;46;0.24
139.5;46;0.24
140;46;0.24
140.5;46;0.24
141;46;0.24
141.5;46;0.24
142;47;0.28
142.5;47;0.28
143;47;0.28
143.5;47;0.28
144;48;0.28
144.5;48;0.28
145;48;0.28
145.5;48;0.28
146;48;0.28
146.5;48;0.28
147;48;0.28
147.5;48;0.28
148;49;0.32
148.5;49;0.28
149;49;0.28
149.5;49;0.28
150;49;0.28
150.5;49;0.28
151;49;0.28
151.5;49;0.28
152;49;0.24
152.5;50;0.28
153;50;0.28
153.5;50;0.28
154;50;0.28
154.5;51;0.32
155;51;0.32
155.5;51;0.28
156;51;0.28
156.5;51;0.28
157;51;0.28
157.5;51;0.28
158;52;0.32
158.5;52;0.28
159;52;0.28
159.5;52;0.28
160;52;0.28
160.5;52;0.28
161;52;0.28
161.5;53;0.32
162;53;0.32
162.5;53;0.32
163;53;0.28
163.5;53;0.28
164;54;0.32
164.5;54;0.32
165;54;0.32
165.5;54;0.32
166;54;0.32
166.5;54;0.32
167;54;0.28
167.5;55;0.32
168;55;0.32
168.5;55;0.32
169;55;0.28
169.5;55;0.28
170;55;0.28
170.5;56;0.32
171;56;0.32
171.5;56;0.32
172;56;0.32
172.5;56;0.32
173;56;0.28
173.5;57;0.32
174;57;0.32
174.5;57;0.32
175;57;0.32
175.5;57;0.32
176;57;0.32
176.5;58;0.36
177;58;0.36
177.5;58;0.32
178;58;0.32
178.5;59;0.36
179;59;0.36
179.5;59;0.32
180;59;0.32
180.5;59;0.32
181;59;0.32
181.5;59;0.32
182;60;0.36
182.5;60;0.36
183;60;0.32
183.5;60;0.32
184;60;0.32
184.5;60;0.32
185;60;0.32
185.5;61;0.36
186;61;0.36
186.5;61;0.32
187;61;0.32
187.5;62;0.36
188;62;0.36
188.5;62;0.36
189;62;0.32
189.5;62;0.32
190;62;0.32
190.5;63;0.36
191;63;0.36
191.5;63;0.36
192;63;0.36
192.5;63;0.32
193;64;0.36
193.5;64;0.36
194;64;0.36
194.5;64;0.36
195;64;0.36
195.5;64;0.32
196;65;0.36
196.5;65;0.36
197;65;0.36
197.5;65;0.36
198;65;0.36
198.5;65;0.32
199;65;0.32
199.5;66;0.36
200;66;0.36
200.5;66;0.36
201;66;0.36
201.5;66;0.32
202;67;0.36
202.5;67;0.36
203;67;0.36
203.5;67;0.32
204;67;0.32
204.5;68;0.36
205;68;0.36
205.5;68;0.36
206;68;0.36
206.5;68;0.36
207;69;0.36
207.5;69;0.36
208;69;0.36
208.5;69;0.36
209;69;0.36
209.5;70;0.4
210;70;0.4
210.5;70;0.36
211;70;0.36
211.5;70;0.36
212;71;0.4
212.5;71;0.36
213;71;0.36
213.5;71;0.36
214;71;0.36
214.5;72;0.4
215;72;0.4
215.5;72;0.36
216;72;0.36
216.5;72;0.36
217;72;0.36
217.5;72;0.36
218;73;0.36
218.5;73;0.36
219;73;0.36
219.5;73;0.36
220;74;0.4
220.5;74;0.4
221;74;0.36
221.5;74;0.36
222;74;0.36
222.5;74;0.36
223;74;0.36
223.5;75;0.4
224;75;0.4
224.5;75;0.36
225;76;0.4
225.5;76;0.4
226;76;0.4
226.5;76;0.4
227;76;0.36
227.5;76;0.36
228;77;0.4
228.5;77;0.4
229;77;0.4
229.5;77;0.36
230;77;0.36
230.5;78;0.4
231;78;0.4
231.5;78;0.4
232;78;0.36
232.5;78;0.36
233;78;0.36
233.5;79;0.4
234;79;0.4
234.5;79;0.36
235;79;0.36
235.5;80;0.4
236;80;0.4
236.5;80;0.4
237;80;0.36
237.5;80;0.36
238;80;0.36
238.5;81;0.4
239;81;0.4
239.5;81;0.36
240;81;0.36
240.5;82;0.4
241;82;0.4
241.5;82;0.4
242;82;0.4
242.5;82;0.4
243;82;0.36
243.5;83;0.4
244;83;0.4
244.5;83;0.4
245;83;0.36
245.5;83;0.36
246;84;0.4
246.5;84;0.4
247;84;0.4
247.5;84;0.4
248;84;0.4
248.5;84;0.36
249;85;0.4
249.5;85;0.4
250;85;0.36
250.5;86;0.4
251;86;0.4
251.5;86;0.4
252;86;0.4
252.5;86;0.4
253;86;0.36
253.5;87;0.4
254;87;0.4
254.5;87;0.4
255;87;0.4
255.5;88;0.4
256;88;0.4
256.5;88;0.4
257;88;0.4
257.5;88;0.4
258;89;0.44
258.5;89;0.4
259;89;0.4
259.5;89;0.4
260;89;0.4
260.5;89;0.36
261;90;0.4
261.5;90;0.4
262;90;0.4
262.5;90;0.4
263;90;0.4
263.5;90;0.36
264;91;0.4
264.5;91;0.4
265;91;0.4
265.5;92;0.4
266;92;0.4
266.5;92;0.4
267;92;0.4
267.5;92;0.4
268;92;0.4
268.5;93;0.4
269;93;0.4
269.5;93;0.4
270;93;0.4
270.5;93;0.4
271;94;0.4
271.5;94;0.4
272;94;0.4
272.5;94;0.4
273;94;0.4
273.5;95;0.44
274;95;0.4
274.5;95;0.4
275;95;0.4
275.5;95;0.36
276;96;0.4
276.5;96;0.4
277;96;0.4
277.5;96;0.4
278;96;0.4
278.5;97;0.4
279;97;0.4
279.5;97;0.4
280;97;0.4
280.5;97;0.36
281;98;0.4
281.5;98;0.4
282;98;0.4
282.5;98;0.4
283;98;0.36
283.5;99;0.4
284;99;0.4
284.5;99;0.4
285;99;0.4
285.5;100;0.44
286;100;0.4
286.5;100;0.4
287;100;0.4
287.5;100;0.4
288;101;0.44
288.5;101;0.44
289;101;0.4
289.5;101;0.4
290;101;0.4
290.5;102;0.4
291;102;0.4
291.5;102;0.4
292;102;0.4
292.5;103;0.44
293;103;0.44
293.5;103;0.4
294;103;0.4
294.5;103;0.4
295;104;0.44
295.5;104;0.44
296;104;0.4
296.5;104;0.4
297;105;0.44
297.5;105;0.44
298;105;0.44
298.5;105;0.4
299;106;0.44
299.5;106;0.44
300;106;0.44
300.5;106;0.44
301;107;0.44
301.5;107;0.44
302;107;0.44
302.5;107;0.44
303;107;0.44
303.5;108;0.44
304;108;0.44
304.5;108;0.44
305;108;0.44
305.5;108;0.44
306;109;0.44
306.5;109;0.44
307;109;0.44
307.5;110;0.48
308;110;0.48
308.5;110;0.44
309;110;0.44
309.5;111;0.48
310;111;0.48
310.5;111;0.44
311;111;0.44
311.5;111;0.44
312;112;0.48
312.5;111;0.44
313;112;0.44
313.5;112;0.44
314;112;0.44
314.5;113;0.48
315;113;0.48
315.5;113;0.44
316;113;0.44
316.5;113;0.44
317;114;0.48
317.5;114;0.44
318;114;0.44
318.5;114;0.44
319;115;0.48
319.5;115;0.48
320;115;0.44
320.5;115;0.44
321;115;0.44
321.5;116;0.48
322;116;0.44
322.5;116;0.44
323;116;0.44
323.5;117;0.48
324;117;0.44
324.5;117;0.44
325;117;0.44
325.5;117;0.44
326;118;0.44
326.5;118;0.44
327;118;0.44
327.5;119;0.48
328;119;0.48
328.5;119;0.44
329;119;0.44
329.5;119;0.44
330;120;0.48
330.5;120;0.48
331;120;0.44
331.5;120;0.44
332;120;0.44
332.5;121;0.44
333;121;0.44
333.5;121;0.44
334;121;0.44
334.5;122;0.44
335;122;0.44
335.5;122;0.44
336;122;0.44
336.5;122;0.44
337;122;0.4
337.5;123;0.48
338;123;0.44
338.5;123;0.44
339;123;0.44
339.5;124;0.44
340;124;0.44
340.5;124;0.44
341;125;0.48
341.5;125;0.48
342;125;0.44
342.5;125;0.44
343;125;0.44
343.5;125;0.44
344;126;0.44
344.5;126;0.44
345;126;0.44
345.5;126;0.44
346;127;0.48
346.5;127;0.44
347;127;0.44
347.5;127;0.44
348;127;0.44
348.5;128;0.44
349;128;0.44
349.5;128;0.44
350;128;0.44
350.5;129;0.48
351;129;0.44
351.5;129;0.44
352;129;0.44
352.5;129;0.4
353;130;0.44
353.5;130;0.44
354;130;0.44
354.5;130;0.44
355;131;0.44
355.5;131;0.44
356;131;0.44
356.5;131;0.44
357;131;0.44
357.5;132;0.44
358;132;0.44
358.5;132;0.44
359;132;0.44
359.5;133;0.44
360;133;0.44
360.5;133;0.44
361;133;0.44
361.5;133;0.44
362;134;0.48
362.5;134;0.44
363;134;0.44
363.5;134;0.44
364;134;0.44
364.5;135;0.44
365;135;0.44
365.5;135;0.44
366;135;0.4
366.5;136;0.44
367;136;0.44
367.5;136;0.44
368;136;0.44
368.5;137;0.48
369;137;0.44
369.5;137;0.44
370;137;0.44
370.5;137;0.44
371;138;0.44
371.5;138;0.44
372;138;0.44
372.5;138;0.44
373;138;0.44
373.5;139;0.44
374;139;0.44
374.5;139;0.44
375;139;0.44
375.5;139;0.4
376;140;0.44
376.5;140;0.44
377;140;0.44
377.5;140;0.44
378;141;0.44
378.5;141;0.44
379;141;0.44
379.5;141;0.44
380;141;0.4
380.5;141;0.4
381;142;0.44
381.5;142;0.44
382;142;0.44
382.5;142;0.4
383;143;0.44
383.5;143;0.44
384;143;0.44
384.5;143;0.4
385;143;0.4
385.5;144;0.44
386;144;0.44
386.5;144;0.44
387;144;0.4
387.5;144;0.4
388;145;0.44
388.5;145;0.44
389;145;0.44
389.5;145;0.4
390;146;0.44
390.5;146;0.44
391;146;0.44
391.5;146;0.4
392;146;0.4
392.5;147;0.44
393;147;0.44
393.5;147;0.4
394;147;0.4
394.5;148;0.44
395;147;0.4
395.5;148;0.44
396;148;0.4
396.5;148;0.4
397;148;0.4
397.5;149;0.44
398;149;0.44
398.5;149;0.4
399;149;0.4
399.5;149;0.4
400;150;0.44
400.5;150;0.44
401;150;0.4
401.5;150;0.4
402;150;0.4
402.5;151;0.44
403;151;0.4
403.5;151;0.4
404;151;0.4
404.5;151;0.4
405;151;0.4
405.5;152;0.44
406;152;0.4
406.5;152;0.4
407;153;0.44
407.5;153;0.44
408;153;0.4
408.5;153;0.4
409;153;0.4
409.5;153;0.4
410;154;0.44
410.5;154;0.4
411;154;0.4
411.5;154;0.4
412;154;0.4
412.5;155;0.44
413;155;0.4
413.5;155;0.4
414;155;0.4
414.5;155;0.4
415;156;0.4
415.5;156;0.4
416;156;0.4
416.5;156;0.4
417;156;0.4
417.5;156;0.36
418;157;0.4
418.5;157;0.4
419;157;0.4
419.5;157;0.36
420;157;0.4
420.5;158;0.4
421;158;0.4
421.5;158;0.4
422;158;0.4
422.5;158;0.36
423;158;0.36
423.5;159;0.4
424;159;0.4
424.5;159;0.4
425;159;0.36
425.5;160;0.4
426;160;0.4
426.5;160;0.4
427;160;0.4
427.5;160;0.36
428;160;0.36
428.5;161;0.4
429;161;0.4
429.5;161;0.4
430;161;0.4
430.5;162;0.4
431;162;0.4
431.5;162;0.4
432;162;0.36
432.5;162;0.36
433;162;0.36
433.5;163;0.4
434;163;0.4
434.5;163;0.4
435;163;0.36
435.5;163;0.36
436;163;0.36
436.5;164;0.4
437;164;0.4
437.5;164;0.36
438;164;0.36
438.5;165;0.4
439;165;0.4
439.5;165;0.4
440;165;0.36
440.5;165;0.36
441;165;0.36
441.5;166;0.4
442;166;0.4
442.5;166;0.4
443;166;0.36
443.5;166;0.36
444;166;0.36
444.5;167;0.4
445;167;0.4
445.5;167;0.36
446;167;0.36
446.5;167;0.36
447;168;0.4
447.5;168;0.4
448;168;0.4
448.5;168;0.36
449;168;0.36
449.5;168;0.36
450;169;0.4
450.5;169;0.36
451;169;0.36
451.5;169;0.36
452;170;0.4
452.5;170;0.4
453;170;0.4
453.5;170;0.36
454;170;0.36
454.5;170;0.36
455;171;0.4
455.5;171;0.36
456;171;0.36
456.5;171;0.36
457;171;0.36
457.5;171;0.36
458;172;0.4
458.5;172;0.36
459;172;0.36
459.5;172;0.36
460;172;0.36
460.5;173;0.4
461;173;0.4
461.5;173;0.36
462;173;0.36
462.5;173;0.36
463;173;0.36
463.5;174;0.36
464;174;0.36
464.5;174;0.36
465;174;0.36
465.5;174;0.36
466;174;0.36
466.5;175;0.36
467;175;0.36
467.5;175;0.36
468;175;0.36
468.5;175;0.36
469;176;0.4
469.5;176;0.36
470;176;0.36
470.5;176;0.36
471;176;0.36
471.5;177;0.4
472;177;0.36
472.5;177;0.36
473;177;0.36
473.5;177;0.36
474;177;0.36
474.5;177;0.36
475;178;0.36
475.5;178;0.36
476;178;0.36
476.5;178;0.36
477;178;0.32
477.5;178;0.32
478;179;0.36
478.5;179;0.36
479;179;0.36
479.5;179;0.36
480;179;0.32
480.5;179;0.32
481;180;0.36
481.5;180;0.36
482;180;0.36
482.5;180;0.36
483;180;0.32
483.5;181;0.36
484;181;0.36
484.5;181;0.36
485;181;0.36
485.5;181;0.32
486;182;0.36
486.5;182;0.36
487;182;0.36
487.5;182;0.36
488;182;0.36
488.5;182;0.32
489;182;0.32
489.5;183;0.36
490;183;0.36
490.5;183;0.36
491;183;0.36
491.5;183;0.32
492;183;0.32
492.5;183;0.32
493;184;0.36
493.5;184;0.36
494;184;0.32
494.5;184;0.32
495;184;0.32
495.5;185;0.36
496;184;0.32
496.5;185;0.32
497;185;0.32
497.5;185;0.32
498;185;0.32
498.5;186;0.36
499;186;0.36
499.5;186;0.36
500;186;0.32
500.5;186;0.32
501;186;0.32
501.5;187;0.36
502;187;0.36
502.5;187;0.36
503;187;0.32
503.5;187;0.32
504;187;0.32
504.5;187;0.32
505;188;0.36
505.5;188;0.36
506;188;0.32
506.5;188;0.32
507;188;0.32
507.5;188;0.32
508;189;0.36
508.5;189;0.32
509;189;0.32
509.5;189;0.32
510;189;0.32
510.5;189;0.32
511;189;0.28
511.5;190;0.32
512;190;0.32
512.5;190;0.32
513;190;0.32
513.5;190;0.32
514;191;0.36
514.5;190;0.28
515;191;0.32
515.5;191;0.32
516;191;0.32
516.5;191;0.32
517;192;0.36
517.5;192;0.36
518;192;0.32
518.5;192;0.32
519;192;0.32
519.5;192;0.32
520;192;0.32
520.5;193;0.32
521;193;0.36
521.5;193;0.32
522;193;0.32
522.5;193;0.32
523;193;0.32
523.5;193;0.28
524;194;0.32
524.5;194;0.32
525;194;0.32
525.5;194;0.32
526;194;0.32
526.5;194;0.28
527;195;0.32
527.5;195;0.32
528;195;0.32
528.5;195;0.32
529;195;0.32
529.5;195;0.32
530;196;0.32
530.5;196;0.32
531;196;0.32
531.5;196;0.32
532;196;0.32
532.5;196;0.32
533;196;0.28
533.5;197;0.32
534;197;0.32
534.5;197;0.32
535;197;0.32
535.5;197;0.32
536;197;0.32
536.5;197;0.28
537;198;0.32
537.5;198;0.32
538;198;0.32
538.5;198;0.32
539;198;0.28
539.5;198;0.32
540;199;0.32
540.5;199;0.32
541;199;0.32
541.5;199;0.32
542;199;0.28
542.5;199;0.28
543;199;0.28
543.5;199;0.28
544;200;0.32
544.5;200;0.32
545;200;0.32
545.5;200;0.28
546;200;0.28
546.5;200;0.28
547;201;0.32
547.5;201;0.32
548;201;0.32
548.5;201;0.32
549;201;0.28
549.5;201;0.28
550;201;0.28
550.5;202;0.32
551;202;0.32
551.5;202;0.32
552;202;0.28
552.5;202;0.28
553;202;0.28
553.5;202;0.28
554;203;0.32
554.5;203;0.32
555;203;0.28
555.5;203;0.28
556;203;0.28
556.5;203;0.28
557;204;0.32
557.5;203;0.28
558;204;0.32
558.5;204;0.28
559;204;0.28
559.5;204;0.28
560;204;0.28
560.5;204;0.28
561;204;0.28
561.5;205;0.32
562;205;0.28
562.5;205;0.28
563;205;0.28
563.5;205;0.28
564;206;0.32
564.5;205;0.28
565;206;0.28
565.5;206;0.28
566;206;0.28
566.5;206;0.28
567;206;0.28
567.5;207;0.32
568;206;0.28
568.5;207;0.32
569;207;0.28
569.5;207;0.28
570;207;0.28
570.5;207;0.28
571;207;0.28
571.5;208;0.32
572;208;0.28
572.5;208;0.28
573;208;0.28
573.5;208;0.28
574;208;0.28
574.5;208;0.28
575;208;0.28
575.5;209;0.28
576;209;0.28
576.5;209;0.28
577;209;0.28
577.5;209;0.28
578;209;0.28
578.5;209;0.28
579;209;0.24
579.5;210;0.28
580;210;0.28
580.5;210;0.28
581;210;0.28
581.5;210;0.28
582;210;0.24
582.5;210;0.28
583;210;0.24
583.5;211;0.28
584;211;0.28
584.5;211;0.28
585;211;0.28
585.5;211;0.28
586;211;0.28
586.5;211;0.24
587;212;0.28
587.5;212;0.28
588;212;0.28
588.5;212;0.28
589;212;0.24
589.5;212;0.28
590;212;0.24
590.5;213;0.28
591;213;0.28
591.5;213;0.28
592;213;0.28
592.5;213;0.24
593;213;0.28
593.5;213;0.24
594;213;0.24
594.5;214;0.28
595;214;0.28
595.5;214;0.28
596;214;0.28
596.5;214;0.24
597;214;0.24
597.5;214;0.24
598;214;0.24
598.5;215;0.28
599;215;0.28
599.5;215;0.28
600;215;0.28
600.5;215;0.24
601;215;0.24
601.5;215;0.24
602;215;0.24
602.5;215;0.24
603;216;0.28
603.5;216;0.28
604;216;0.28
604.5;216;0.24
605;216;0.24
605.5;216;0.24
606;216;0.24
606.5;217;0.28
607;217;0.28
607.5;217;0.28
608;217;0.28
608.5;217;0.24
609;217;0.24
609.5;217;0.24
610;217;0.24
610.5;218;0.28
611;218;0.28
611.5;218;0.28
612;218;0.24
612.5;218;0.24
613;218;0.24
613.5;218;0.24
614;219;0.28
614.5;219;0.28
615;219;0.28
615.5;219;0.24
616;219;0.24
616.5;219;0.24
617;219;0.24
617.5;219;0.24
618;219;0.24
618.5;220;0.28
619;220;0.28
619.5;220;0.24
620;220;0.24
620.5;220;0.24
621;220;0.24
621.5;220;0.24
622;220;0.24
622.5;220;0.24
623;221;0.28
623.5;221;0.24
624;221;0.24
624.5;221;0.24
625;221;0.24
625.5;221;0.24
626;221;0.24
626.5;221;0.24
627;221;0.24
627.5;222;0.28
628;222;0.24
628.5;222;0.24
629;222;0.24
629.5;222;0.24
630;222;0.24
630.5;222;0.24
631;222;0.24
631.5;223;0.24
632;223;0.24
632.5;223;0.24
633;223;0.24
633.5;223;0.24
634;223;0.24
634.5;223;0.24
635;223;0.24
635.5;224;0.24
636;224;0.24
636.5;224;0.24
637;224;0.24
637.5;224;0.24
638;224;0.24
638.5;224;0.24
639;224;0.2
639.5;224;0.2
640;225;0.24
640.5;225;0.24
641;225;0.24
641.5;225;0.24
642;225;0.24
642.5;225;0.24
643;225;0.24
643.5;225;0.2
644;226;0.24
644.5;226;0.24
645;226;0.24
645.5;226;0.24
646;226;0.24
646.5;226;0.24
647;226;0.24
647.5;226;0.24
648;226;0.2
648.5;227;0.24
649;226;0.2
649.5;227;0.24
650;227;0.24
650.5;227;0.24
651;227;0.24
651.5;227;0.24
652;227;0.24
652.5;227;0.2
653;227;0.2
653.5;227;0.2
654;228;0.24
654.5;228;0.24
655;228;0.24
655.5;228;0.24
656;228;0.24
656.5;228;0.2
657;228;0.2
657.5;228;0.2
658;228;0.2
658.5;229;0.24
659;229;0.24
659.5;229;0.24
660;229;0.24
660.5;229;0.2
661;229;0.2
661.5;229;0.2
662;229;0.2
662.5;229;0.2
663;230;0.24
663.5;230;0.24
664;230;0.24
664.5;230;0.24
665;230;0.2
665.5;230;0.2
666;230;0.2
666.5;230;0.2
667;230;0.2
667.5;231;0.24
668;231;0.24
668.5;231;0.24
669;231;0.2
669.5;231;0.2
670;231;0.2
670.5;231;0.2
671;231;0.2
671.5;231;0.2
672;231;0.2
672.5;231;0.2
673;232;0.24
673.5;232;0.2
674;232;0.24
674.5;232;0.2
675;232;0.2
675.5;232;0.2
676;232;0.2
676.5;232;0.2
677;233;0.24
677.5;233;0.24
678;233;0.24
678.5;233;0.24
679;233;0.2
679.5;233;0.2
680;233;0.2
680.5;233;0.2
681;233;0.2
681.5;233;0.2
682;234;0.24
682.5;234;0.24
683;234;0.24
683.5;234;0.2
684;234;0.2
684.5;234;0.2
685;234;0.2
685.5;234;0.2
686;234;0.2
686.5;234;0.2
687;235;0.24
687.5;234;0.2
688;235;0.2
688.5;235;0.2
689;235;0.2
689.5;235;0.2
690;235;0.2
690.5;235;0.2
691;235;0.2
691.5;235;0.2
692;236;0.24
692.5;235;0.16
693;236;0.2
693.5;236;0.2
694;236;0.2
694.5;236;0.2
695;236;0.2
695.5;236;0.2
696;236;0.2
696.5;237;0.24
697;237;0.24
697.5;236;0.2
698;237;0.2
698.5;237;0.2
699;237;0.2
699.5;237;0.2
700;237;0.2
700.5;237;0.2
701;237;0.2
701.5;237;0.2
702;237;0.16
702.5;237;0.16
703;237;0.16
703.5;237;0.16
704;238;0.2
704.5;238;0.2
705;238;0.2
705.5;238;0.2
706;238;0.2
706.5;238;0.2
707;238;0.16
707.5;239;0.2
708;238;0.16
708.5;239;0.2
709;238;0.16
709.5;239;0.2
710;239;0.2
710.5;239;0.2
711;239;0.2
711.5;239;0.2
712;239;0.16
712.5;239;0.2
713;239;0.16
713.5;239;0.16
714;240;0.2
714.5;240;0.2
715;240;0.2
715.5;240;0.2
716;240;0.2
716.5;240;0.2
717;240;0.16
717.5;240;0.2
718;240;0.16
718.5;240;0.16
719;241;0.2
719.5;241;0.2
720;241;0.2
720.5;241;0.2
721;241;0.2
721.5;241;0.16
722;241;0.16
722.5;241;0.2
723;241;0.16
723.5;241;0.16
724;241;0.16
724.5;241;0.16
725;242;0.2
725.5;241;0.16
726;242;0.2
726.5;242;0.2
727;242;0.2
727.5;242;0.2
728;242;0.2
728.5;242;0.2
729;242;0.16
729.5;242;0.16
730;242;0.16
730.5;243;0.2
731;242;0.16
731.5;242;0.16
732;243;0.2
732.5;243;0.16
733;243;0.2
733.5;243;0.16
734;243;0.2
734.5;243;0.16
735;243;0.16
735.5;243;0.16
736;243;0.16
736.5;244;0.2
737;244;0.2
737.5;243;0.16
738;244;0.2
738.5;244;0.2
739;244;0.16
739.5;244;0.16
740;244;0.16
740.5;244;0.16
741;244;0.16
741.5;244;0.16
742;244;0.16
742.5;245;0.2
743;245;0.2
743.5;245;0.2
744;245;0.16
744.5;245;0.16
745;245;0.16
745.5;245;0.16
746;245;0.16
746.5;245;0.16
747;245;0.16
747.5;245;0.16
748;245;0.16
748.5;245;0.16
749;245;0.16
749.5;246;0.2
750;246;0.16
750.5;246;0.2
751;246;0.16
751.5;246;0.16
752;246;0.16
752.5;246;0.16
753;246;0.16
753.5;246;0.16
754;246;0.16
754.5;247;0.2
755;246;0.16
755.5;247;0.16
756;247;0.2
756.5;247;0.2
757;247;0.16
757.5;247;0.16
758;247;0.16
758.5;247;0.16
759;247;0.16
759.5;247;0.16
760;247;0.16
760.5;247;0.16
761;247;0.16
761.5;248;0.16
762;247;0.12
762.5;248;0.2
763;248;0.16
763.5;248;0.16
764;248;0.16
764.5;248;0.16
765;248;0.16
765.5;248;0.16
766;248;0.16
766.5;248;0.16
767;248;0.16
767.5;248;0.12
768;248;0.12
768.5;248;0.12
769;248;0.12
769.5;249;0.16
770;249;0.16
770.5;249;0.16
771;249;0.16
771.5;249;0.16
772;249;0.16
772.5;249;0.16
773;249;0.16
773.5;249;0.16
774;250;0.2
774.5;249;0.12
775;249;0.12
775.5;250;0.16
776;250;0.16
776.5;250;0.16
777;250;0.16
777.5;250;0.16
778;250;0.16
778.5;250;0.16
779;250;0.16
779.5;250;0.12
780;251;0.2
780.5;251;0.16
781;250;0.12
781.5;251;0.16
782;250;0.12
782.5;250;0.12
783;251;0.16
783.5;251;0.16
784;251;0.16
784.5;251;0.16
785;251;0.16
785.5;251;0.16
786;251;0.16
786.5;251;0.12
787;251;0.16
787.5;252;0.16
788;252;0.16
788.5;252;0.16
789;252;0.16
789.5;252;0.16
790;252;0.16
790.5;252;0.16
791;252;0.16
791.5;252;0.16
792;252;0.16
792.5;252;0.16
793;252;0.16
793.5;252;0.16
794;252;0.16
794.5;252;0.12
795;253;0.16
795.5;253;0.16
796;252;0.12
796.5;253;0.16
797;253;0.16
797.5;253;0.16
798;253;0.16
798.5;253;0.16
799;253;0.12
799.5;253;0.16
800;253;0.16
800.5;253;0.12
801;253;0.12
801.5;253;0.12
802;254;0.16
802.5;253;0.12
803;253;0.12
803.5;254;0.16
804;254;0.16
804.5;254;0.16
805;254;0.12
805.5;254;0.12
806;254;0.16
806.5;254;0.12
807;254;0.16
807.5;254;0.16
808;254;0.12
808.5;254;0.12
809;254;0.12
809.5;255;0.16
810;255;0.16
810.5;254;0.12
811;254;0.12
811.5;255;0.16
812;255;0.16
812.5;255;0.12
813;255;0.12
813.5;255;0.12
814;255;0.12
814.5;255;0.12
815;255;0.12
815.5;255;0.12
816;255;0.12
816.5;255;0.12
817;255;0.12
817.5;255;0.12
818;256;0.16
818.5;256;0.16
819;255;0.12
819.5;256;0.16
820;256;0.12
820.5;256;0.12
821;256;0.16
821.5;256;0.12
822;256;0.12
822.5;256;0.12
823;256;0.12
823.5;256;0.12
824;256;0.12
824.5;256;0.12
825;256;0.12
825.5;256;0.12
826;257;0.16
826.5;257;0.16
827;257;0.12
827.5;257;0.16
828;257;0.16
828.5;257;0.12
829;257;0.12
829.5;257;0.12
830;257;0.12
830.5;257;0.12
831;257;0.12
831.5;257;0.12
832;257;0.12
832.5;257;0.12
833;257;0.12
833.5;257;0.12
834;257;0.12
834.5;257;0.08
835;258;0.12
835.5;258;0.16
836;258;0.16
836.5;258;0.12
837;258;0.12
837.5;258;0.12
838;258;0.12
838.5;258;0.12
839;258;0.12
839.5;258;0.12
840;258;0.12
840.5;258;0.12
841;258;0.12
841.5;258;0.12
842;258;0.12
842.5;259;0.16
843;259;0.12
843.5;258;0.08
844;259;0.16
844.5;259;0.12
845;259;0.12
845.5;259;0.12
846;259;0.12
846.5;259;0.12
847;259;0.12
847.5;259;0.12
848;259;0.12
848.5;259;0.12
849;259;0.12
849.5;259;0.12
850;259;0.12
850.5;259;0.12
851;259;0.08
851.5;259;0.08
852;260;0.12
852.5;260;0.12
853;260;0.12
853.5;260;0.12
854;260;0.12
854.5;260;0.12
855;260;0.12
855.5;260;0.12
856;260;0.12
856.5;260;0.12
857;260;0.12
857.5;260;0.12
858;260;0.12
858.5;260;0.12
859;260;0.12
859.5;260;0.12
860;260;0.08
860.5;261;0.12
861;261;0.12
861.5;261;0.12
862;261;0.12
862.5;261;0.12
863;260;0.08
863.5;261;0.12
864;261;0.12
864.5;261;0.12
865;261;0.12
865.5;261;0.12
866;261;0.12
866.5;261;0.12
867;261;0.12
867.5;261;0.08
868;261;0.08
868.5;261;0.12
869;261;0.08
869.5;262;0.12
870;262;0.12
870.5;262;0.12
871;262;0.12
871.5;262;0.12
872;262;0.12
872.5;262;0.12
873;262;0.12
873.5;262;0.12
874;262;0.12
874.5;262;0.12
875;262;0.12
875.5;262;0.12
876;262;0.12
876.5;262;0.12
877;262;0.08
877.5;262;0.08
878;263;0.12
878.5;263;0.12
879;263;0.12
879.5;263;0.12
880;262;0.08
880.5;263;0.12
881;263;0.12
881.5;263;0.12
882;263;0.12
882.5;263;0.12
883;263;0.12
883.5;263;0.12
884;263;0.12
884.5;263;0.12
885;263;0.12
885.5;263;0.08
886;263;0.08
886.5;263;0.08
887;263;0.08
887.5;263;0.08
888;263;0.12
888.5;263;0.08
889;264;0.12
889.5;264;0.12
890;264;0.12
890.5;264;0.12
891;264;0.12
891.5;264;0.12
892;264;0.12
892.5;264;0.12
893;264;0.12
893.5;264;0.12
894;264;0.12
894.5;264;0.08
895;264;0.08
895.5;264;0.08
896;264;0.08
896.5;264;0.08
897;265;0.12
897.5;264;0.08
898;265;0.12
898.5;264;0.08
899;265;0.12
899.5;265;0.12
900;264;0.08
900.5;265;0.12
901;265;0.12
901.5;265;0.12
902;265;0.12
902.5;265;0.12
903;265;0.08
903.5;265;0.08
904;265;0.08
904.5;265;0.08
905;265;0.12
905.5;265;0.08
906;265;0.08
906.5;265;0.08
907;265;0.08
907.5;265;0.08
908;265;0.08
908.5;265;0.08
909;265;0.08
909.5;266;0.12
910;265;0.08
910.5;266;0.12
911;266;0.12
911.5;266;0.12
912;266;0.12
912.5;266;0.12
913;266;0.12
913.5;266;0.12
914;266;0.08
914.5;266;0.08
915;266;0.08
915.5;266;0.08
916;266;0.08
916.5;266;0.08
917;266;0.08
917.5;266;0.08
918;266;0.08
918.5;266;0.08
919;266;0.08
919.5;266;0.08
920;266;0.08
920.5;267;0.12
921;267;0.12
921.5;267;0.12
922;267;0.08
922.5;267;0.12
923;267;0.08
923.5;267;0.12
924;267;0.08
924.5;267;0.08
925;267;0.12
925.5;267;0.08
926;267;0.08
926.5;267;0.08
927;267;0.08
927.5;267;0.08
928;267;0.08
928.5;267;0.08
929;267;0.08
929.5;267;0.08
930;268;0.12
930.5;268;0.12
931;268;0.12
931.5;268;0.12
932;267;0.08
932.5;268;0.12
933;268;0.12
933.5;268;0.12
934;268;0.12
934.5;268;0.08
935;268;0.12
935.5;268;0.08
936;268;0.08
936.5;268;0.08
937;268;0.08
937.5;268;0.08
938;268;0.08
938.5;268;0.08
939;268;0.08
939.5;268;0.08
940;268;0.08
940.5;268;0.08
941;268;0.08
941.5;268;0.08
942;269;0.12
942.5;269;0.12
943;269;0.12
943.5;269;0.12
944;268;0.08
944.5;269;0.12
945;269;0.12
945.5;269;0.08
946;269;0.08
946.5;269;0.08
947;269;0.08
947.5;269;0.08
948;269;0.08
948.5;269;0.08
949;269;0.08
949.5;269;0.08
950;269;0.08
950.5;269;0.08
951;269;0.08
951.5;269;0.08
952;269;0.08
952.5;269;0.08
953;269;0.08
953.5;269;0.08
954;270;0.12
954.5;270;0.12
955;269;0.04
955.5;270;0.08
956;269;0.04
956.5;270;0.08
957;270;0.12
957.5;270;0.08
958;270;0.08
958.5;270;0.08
959;270;0.08
959.5;270;0.08
960;270;0.08
960.5;270;0.08
961;270;0.08
961.5;270;0.08
962;270;0.08
962.5;270;0.08
963;270;0.08
963.5;269;0.04
964;270;0.08
964.5;270;0.08
965;270;0.08
965.5;270;0.08
966;270;0.08
966.5;270;0.08
967;268;-0.04
967.5;266;-0.12
968;269;0
968.5;268;-0.04
969;266;-0.08
969.5;264;-0.2
970;268;-0.04
970.5;270;0.04
971;269;0
971.5;268;-0.04
972;271;0.08
972.5;271;0.08
973;271;0.08
973.5;270;0.04
974;271;0.08
974.5;271;0.08
975;271;0.08
975.5;271;0.08
976;271;0.08
976.5;271;0.08
977;271;0.08
977.5;271;0.08
978;271;0.08
978.5;271;0.08
979;272;0.08
979.5;271;0.04
980;270;0.04
980.5;271;0.04
981;271;0.08
981.5;272;0.08
982;272;0.08
982.5;272;0.08
983;272;0.08
983.5;272;0.08
984;272;0.08
984.5;272;0.08
985;272;0.08
985.5;272;0.08
986;272;0.08
986.5;272;0.08
987;272;0.08
987.5;272;0.08
988;272;0.08
988.5;272;0.12
989;272;0.08
989.5;272;0.08
990;273;0.12
990.5;273;0.12
991;273;0.12
991.5;272;0.08
992;272;0.16
992.5;272;0.24
993;272;0.12
993.5;273;0.2
994;273;0.28
994.5;273;0.36
995;273;0.2
995.5;272;0.08
996;272;0.12
996.5;273;0.2
997;273;0.08
997.5;273;0.08
998;273;0.08
998.5;273;0.12
999;273;0.08
999.5;273;0.08
1000;273;0.08
1000.5;273;0.08
1001;273;0.08
1001.5;273;0.08
1002;273;0.08
1002.5;273;0.08
1003;273;0.08
1003.5;273;0.08
1004;273;0.04
1004.5;273;0.08
1005;273;0.12
1005.5;273;0.08
1006;273;0.08
1006.5;273;0.04
1007;274;0.08
1007.5;273;0.04
1008;273;0.04
1008.5;273;0.04
1009;273;0.04
1009.5;273;0.04
1010;274;0.08
1010.5;274;0.08
1011;274;0.08
1011.5;274;0.08
1012;274;0.08
1012.5;274;0.08
1013;274;0.08
1013.5;274;0.08
1014;274;0.08
1014.5;274;0.08
1015;274;0.04
1015.5;274;0.04
1016;274;0.04
1016.5;274;0.08
1017;274;0.08
1017.5;274;0.08
1018;274;0.08
1018.5;274;0.04
1019;274;0.04
1019.5;274;0.04
1020;274;0.04
1020.5;274;0.08
1021;274;0.08
1021.5;274;0.04
1022;274;0.04
1022.5;274;0.04
1023;274;0.04
1023.5;275;0.08
1024;275;0.08
1024.5;274;0.04
1025;275;0.08
1025.5;275;0.08
1026;274;0.04
1026.5;274;0.04
1027;275;0.08
1027.5;275;0.08
1028;275;0.08
1028.5;275;0.08
1029;275;0.08
1029.5;275;0.08
1030;275;0.08
1030.5;275;0.08
1031;276;0.12
1031.5;275;0.08
1032;276;0.08
1032.5;275;0.08
1033;276;0.12
1033.5;275;0.08
1034;275;0.08
1034.5;275;0.08
1035;275;0.04
1035.5;275;0.04
1036;275;0.04
1036.5;275;0.04
1037;275;0.04
1037.5;275;0.04
1038;275;0.04
1038.5;275;0.04
1039;275;0.04
1039.5;275;0.04
1040;275;0.04
1040.5;275;0.04
1041;276;0.08
1041.5;276;0.08
1042;276;0.08
1042.5;276;0.08
1043;275;0.04
1043.5;275;0.04
1044;276;0.08
1044.5;276;0.08
1045;276;0.08
1045.5;276;0.08
1046;276;0.08
1046.5;276;0.08
1047;276;0.08
1047.5;276;0.08
1048;276;0.08
1048.5;276;0.04
1049;276;0.04
1049.5;276;0.08
1050;276;0.04
1050.5;276;0.04
1051;276;0.08
1051.5;276;0.08
1052;276;0.04
1052.5;276;0.04
1053;276;0.04
1053.5;276;0.04
1054;276;0.04
1054.5;276;0.04
1055;276;0.04
1055.5;276;0.04
1056;276;0
1056.5;276;0.04
1057;276;0
1057.5;276;0.04
1058;277;0.04
1058.5;277;0.08
1059;276;0.04
1059.5;277;0.08
1060;277;0.08
1060.5;277;0.08
1061;277;0.08
1061.5;277;0.08
1062;277;0.08
1062.5;277;0.08
1063;277;0.08
1063.5;277;0.08
1064;277;0.08
1064.5;277;0.08
1065;277;0.08
1065.5;277;0.08
1066;277;0.04
1066.5;277;0.04
1067;277;0.04
1067.5;277;0.04
1068;277;0.08
1068.5;277;0.08
1069;277;0.04
1069.5;277;0.04
1070;277;0.04
1070.5;277;0.04
1071;277;0.04
1071.5;277;0.04
1072;277;0.04
1072.5;277;0.04
1073;277;0.04
1073.5;277;0.04
1074;277;0.04
1074.5;277;0.04
1075;277;0.04
1075.5;277;0.04
1076;277;0.04
1076.5;277;0.04
1077;277;0.04
1077.5;277;0.04
1078;277;0.04
1078.5;277;0.04
1079;278;0.08
1079.5;278;0.08
1080;278;0.08
1080.5;278;0.08
1081;278;0.08
1081.5;278;0.08
1082;278;0.08
1082.5;278;0.08
1083;278;0.04
1083.5;278;0.04
1084;278;0.08
1084.5;278;0.04
1085;278;0.04
1085.5;278;0.04
1086;278;0.04
1086.5;278;0.04
1087;278;0.04
1087.5;278;0.04
1088;278;0.04
1088.5;278;0.04
1089;278;0.04
1089.5;278;0.04
1090;278;0.04
1090.5;278;0.04
1091;279;0.08
1091.5;278;0.04
1092;278;0.04
1092.5;279;0.08
1093;279;0.08
1093.5;279;0.08
1094;279;0.08
1094.5;279;0.08
1095;279;0.08
1095.5;279;0.08
1096;279;0.08
1096.5;279;0.08
1097;279;0.08
1097.5;279;0.08
1098;279;0.08
1098.5;279;0.08
1099;279;0.08
1099.5;279;0.08
1100;279;0.08
1100.5;279;0.08
1101;279;0.08
1101.5;279;0.08
1102;279;0.08
1102.5;279;0.08
1103;279;0.08
1103.5;279;0.08
1104;279;0.04
1104.5;279;0.04
1105;279;0.04
1105.5;279;0.04
1106;279;0.04
1106.5;279;0.04
1107;279;0.04
1107.5;279;0.04
1108;279;0.04
1108.5;279;0.04
1109;279;0.04
1109.5;279;0.04
1110;279;0.04
1110.5;280;0.08
1111;279;0.04
1111.5;280;0.08
1112;280;0.08
1112.5;280;0.08
1113;280;0.08
1113.5;280;0.08
1114;280;0.08
1114.5;280;0.08
1115;280;0.08
1115.5;280;0.08
1116;280;0.04
1116.5;280;0.08
1117;280;0.08
1117.5;280;0.04
1118;280;0.04
1118.5;280;0.04
1119;280;0.04
1119.5;280;0.04
1120;280;0.04
1120.5;280;0.04
1121;280;0.04
1121.5;280;0.04
1122;280;0.04
1122.5;280;0.04
1123;280;0.04
1123.5;280;0.04
1124;280;0.04
1124.5;280;0.04
1125;280;0.04
1125.5;280;0.04
1126;280;0.04
1126.5;281;0.08
1127;280;0.04
1127.5;280;0.04
1128;280;0.04
1128.5;280;0.04
1129;280;0.04
1129.5;280;0.04
1130;280;0.04
1130.5;280;0.04
1131;280;0.04
1131.5;280;0.04
1132;281;0.08
1132.5;280;0.04
1133;281;0.08
1133.5;281;0.08
1134;280;0.04
1134.5;281;0.08
1135;281;0.08
1135.5;281;0.04
1136;281;0.08
1136.5;281;0.04
1137;281;0.04
1137.5;281;0.04
1138;281;0.04
1138.5;281;0.04
1139;281;0.04
1139.5;281;0.04
1140;281;0.04
1140.5;281;0.04
1141;281;0.04
1141.5;281;0.04
1142;281;0.04
1142.5;281;0.04
1143;281;0.04
1143.5;281;0.04
1144;281;0.04
1144.5;281;0.04
1145;281;0.04
1145.5;281;0.04
1146;281;0.04
1146.5;281;0.04
1147;281;0.04
1147.5;281;0.04
1148;281;0.04
1148.5;281;0.04
1149;281;0.04
1149.5;281;0.04
1150;281;0.04
1150.5;281;0.04
1151;281;0.04
1151.5;281;0
1152;281;0.04
1152.5;281;0.04
1153;281;0.04
1153.5;281;0.04
1154;281;0.04
1154.5;281;0.04
1155;281;0.04
1155.5;282;0.08
1156;282;0.08
1156.5;281;0.04
1157;281;0
1157.5;281;0.04
1158;281;0
1158.5;282;0.04
1159;282;0.08
1159.5;282;0.04
1160;282;0.04
1160.5;282;0.04
1161;282;0.04
1161.5;282;0.04
1162;282;0.04
1162.5;282;0.04
1163;282;0.04
1163.5;282;0.04
1164;282;0.04
1164.5;282;0.04
1165;282;0.04
1165.5;282;0.04
1166;282;0.04
1166.5;282;0.04
1167;282;0.04
1167.5;282;0.04
1168;282;0.04
1168.5;282;0.04
1169;282;0.04
1169.5;282;0.04
1170;282;0.04
1170.5;282;0.04
1171;282;0.04
1171.5;282;0.04
1172;282;0.04
1172.5;282;0.04
1173;282;0.04
1173.5;282;0.04
1174;282;0.04
1174.5;282;0.04
1175;282;0.04
1175.5;282;0.04
1176;282;0.04
1176.5;282;0.04
1177;282;0.04
1177.5;282;0.04
1178;282;0.04
1178.5;282;0.04
1179;282;0.04
1179.5;282;0.04
1180;282;0.04
1180.5;282;0
1181;282;0
1181.5;282;0.04
1182;282;0.04
1182.5;283;0.08
1183;283;0.08
1183.5;283;0.04
1184;283;0.04
1184.5;283;0.04
1185;283;0.04
1185.5;283;0.04
1186;283;0.04
1186.5;283;0.04
1187;283;0.04
1187.5;283;0.04
1188;283;0.04
1188.5;283;0.04
1189;283;0.04
1189.5;283;0.04
1190;283;0.04
1190.5;283;0.04
1191;283;0.04
1191.5;283;0.04
1192;283;0.04
1192.5;283;0.04
1193;283;0.04
1193.5;283;0.04
1194;283;0.04
1194.5;283;0.04
1195;283;0.04
1195.5;283;0.04
1196;283;0.04
1196.5;283;0.04
1197;283;0.04
1197.5;283;0.04
1198;283;0.04
1198.5;283;0.04
1199;283;0.04
1199.5;283;0.04
1200;283;0.04
1200.5;283;0.04
1201;283;0.04
1201.5;283;0.04
1202;283;0.04
1202.5;283;0.04
1203;283;0.04
1203.5;283;0.04
1204;283;0.04
1204.5;283;0.04
1205;283;0.04
1205.5;283;0.04
1206;283;0.04
1206.5;283;0.04
1207;283;0.04
1207.5;283;0
1208;283;0
1208.5;283;0
1209;283;0
1209.5;283;0
1210;283;0
1210.5;283;0
1211;284;0.04
1211.5;284;0.04
1212;284;0.04
1212.5;284;0.04
1213;284;0.04
